customer_id,name,email,phone,city,join_date
CUST-10000,Rohan Wason,gaurangi17@example.org,5124625133,Sharjah,2025-03-24
CUST-10001,Forum Lalla,naksh85@example.net,+917396038091,Dubai,2024-07-05
CUST-10002,Benjamin Sengupta,maneanirudh@example.com,06340414158,Dubai,2024-11-18
CUST-10003,Tamanna Borde,deozehaan@example.org,2671711199,Sharjah,2025-01-06
CUST-10004,Aarav Ravi,adviksarkar@example.net,06039428279,Ajman,2024-03-19
CUST-10005,Gaurav Tandon,tanmayibose@example.com,05440726007,Sharjah,2026-01-03
CUST-10006,Udant Pandey,mammenirya@example.org,4654651868,Abu Dhabi,2024-11-15
CUST-10007,Avni Dar,theodore38@example.org,9361950646,Ajman,2024-09-03
CUST-10008,Nihal Saini,agastya40@example.net,5295425569,Dubai,2025-08-16
CUST-10009,Indrajit Patil,darpandara@example.net,03829361161,Ajman,2025-11-24
CUST-10010,Hemani Subramaniam,bakhshisahni@example.com,02150321198,Dubai,2024-06-04
CUST-10011,Raagini Saini,chokshimanya@example.org,+911543125336,Dubai,2024-11-09
CUST-10012,Geetika Narain,devritti@example.com,8032580618,Dubai,2025-05-17
CUST-10013,Aahana Devi,jhalak46@example.net,4581695247,Ajman,2025-08-19
CUST-10014,Jagat Dutta,bina73@example.com,+919706597472,Ajman,2025-01-03
CUST-10015,Vivaan Dalal,kiyengar@example.net,+913001077867,Ajman,2025-01-07
CUST-10016,Zarna Memon,mohantychaman@example.org,+913918402773,Sharjah,2025-03-21
CUST-10017,Aadhya Prabhu,valaharinakshi@example.net,+913747148097,Dubai,2024-08-23
CUST-10018,Dayamai Choudhry,ydivan@example.com,02564344261,Ajman,2024-04-30
CUST-10019,Tarak Singhal,manifalan@example.com,+913866026667,Ajman,2024-05-16
CUST-10020,Atharv Chaudhuri,pavani35@example.org,06194562927,Dubai,2025-06-08
CUST-10021,Noah Pal,matthew59@example.net,2310386935,Ajman,2025-08-12
CUST-10022,Oscar Kaur,keyaramanathan@example.com,+910349254119,Abu Dhabi,2024-07-19
CUST-10023,Devansh Morar,diyasami@example.org,2559276014,Dubai,2025-11-23
CUST-10024,Mahika Sule,damyantibajwa@example.net,+915574868691,Dubai,2025-07-12
CUST-10025,Rajata Dani,tanejawazir@example.com,4032329037,Abu Dhabi,2025-10-26
CUST-10026,Triveni Seshadri,yadavidayal@example.org,+917388726968,Sharjah,2024-08-10
CUST-10027,Chameli Purohit,advay33@example.org,5972731815,Sharjah,2024-03-26
CUST-10028,Jagat Mutti,dayamairatti@example.com,4132357601,Sharjah,2025-10-06
CUST-10029,Aarini Solanki,vbose@example.com,6502865129,Ajman,2025-03-11
CUST-10030,Indrajit Kakar,saxenaqadim@example.org,06960943646,Abu Dhabi,2024-06-12
CUST-10031,Chanakya Biswas,raijagvi@example.com,03634280482,Sharjah,2026-02-03
CUST-10032,Darpan Sangha,georgesuri@example.com,00840531463,Abu Dhabi,2024-06-28
CUST-10033,Kashvi Agarwal,chakradev34@example.com,03182053010,Abu Dhabi,2024-11-11
CUST-10034,Samuel Raj,jainvasatika@example.org,+914463537846,Dubai,2024-07-29
CUST-10035,Ishani Gola,rehaanwable@example.com,04048468892,Dubai,2024-07-04
CUST-10036,Eshana Chand,aroraomkaar@example.com,02942649606,Abu Dhabi,2024-11-10
CUST-10037,Indira Nagy,advikawalla@example.org,+917960720574,Dubai,2025-01-11
CUST-10038,Sathvik Oza,twadhwa@example.net,3956717601,Sharjah,2025-09-16
CUST-10039,Falan Khare,rushil32@example.net,1841913969,Abu Dhabi,2026-01-19
CUST-10040,Amrita Chad,shauryaissac@example.org,+910150950103,Sharjah,2025-04-01
CUST-10041,Yashica Gill,meghanadewan@example.org,+912945611009,Ajman,2025-05-02
CUST-10042,Ati Kala,schada@example.org,8011165546,Abu Dhabi,2025-07-18
CUST-10043,Yagnesh Balay,chaturamannan@example.net,02468224634,Ajman,2024-09-10
CUST-10044,Indali Iyengar,bordeodika@example.com,+912098611328,Abu Dhabi,2024-08-02
CUST-10045,Waida Chauhan,omody@example.net,9720168454,Dubai,2026-02-11
CUST-10046,Ekavir Mammen,hemani88@example.com,+915666756639,Sharjah,2025-01-27
CUST-10047,Abeer De,ebobal@example.com,8633797357,Sharjah,2024-11-13
CUST-10048,Neel Memon,karanmahal@example.com,6176905178,Dubai,2025-11-24
CUST-10049,Zaid Yadav,edixit@example.net,+912960055776,Ajman,2024-04-07
CUST-10050,Lakshit Parekh,xwason@example.com,2786401065,Ajman,2024-06-11
CUST-10051,Udarsh Gandhi,alexanderwagle@example.net,4850299869,Sharjah,2025-07-22
CUST-10052,Krisha Rajagopal,balendranadig@example.com,08630198827,Abu Dhabi,2025-03-18
CUST-10053,Laban Din,vedikabaria@example.com,4601951389,Dubai,2024-10-23
CUST-10054,Harrison Dubey,bainskamya@example.org,+916642249880,Sharjah,2024-11-13
CUST-10055,Wahab Pai,xom@example.net,+916674987492,Sharjah,2025-11-14
CUST-10056,Leena Chadha,gdara@example.org,+910141289639,Ajman,2024-07-28
CUST-10057,Falan Gopal,lukeatwal@example.com,07624320089,Dubai,2025-05-25
CUST-10058,Anvi Raman,darajeet@example.net,09636142012,Abu Dhabi,2024-07-01
CUST-10059,Fitan Kara,krishna36@example.net,+912070477443,Abu Dhabi,2024-10-25
CUST-10060,Idika Radhakrishnan,omya69@example.com,2917288857,Ajman,2025-04-23
CUST-10061,Zansi Kakar,samarthbhakta@example.org,8573649376,Abu Dhabi,2024-03-31
CUST-10062,Triveni Samra,ganesaneta@example.net,+911627670834,Ajman,2025-10-24
CUST-10063,Oeshi Dhar,brama@example.com,3988372198,Sharjah,2025-05-11
CUST-10064,Utkarsh Sahni,dugaramaira@example.com,8897885502,Ajman,2025-02-17
CUST-10065,Tanay Sami,fmistry@example.net,6914976428,Dubai,2025-09-03
CUST-10066,Vyanjana Kata,tanmayi23@example.net,2594526169,Ajman,2025-10-03
CUST-10067,Daksha Sastry,cnaidu@example.org,+915531445708,Abu Dhabi,2024-07-13
CUST-10068,Rachit Jani,kala83@example.net,9905980096,Abu Dhabi,2025-10-10
CUST-10069,Sarthak Palan,jkade@example.org,06347836494,Ajman,2024-06-22
CUST-10070,Ishwar Rajagopalan,eiravati96@example.org,+911005657004,Dubai,2025-07-02
CUST-10071,Balhaar Virk,farhantrivedi@example.com,2964343171,Dubai,2025-12-31
CUST-10072,Hardik Loke,karpeyash@example.com,+917157078659,Dubai,2025-12-22
CUST-10073,Rachita Luthra,vmannan@example.net,2766330402,Ajman,2025-08-17
CUST-10074,Radha Gala,januja80@example.net,4116410278,Sharjah,2026-02-23
CUST-10075,Idika Deol,qdani@example.com,0743175304,Dubai,2025-02-10
CUST-10076,Fariq Uppal,jeevikabhatt@example.com,05735488239,Dubai,2025-05-01
CUST-10077,Jackson Bal,rishi84@example.org,0231499264,Sharjah,2024-06-11
CUST-10078,Pahal Goda,thakkaranjali@example.com,06985796646,Sharjah,2024-07-14
CUST-10079,Yug Kamdar,michael07@example.net,01064517554,Dubai,2024-04-05
CUST-10080,Jai Parsa,yauvanipillai@example.com,05005384035,Sharjah,2024-09-16
CUST-10081,Mason Krishna,sde@example.net,9243999088,Dubai,2024-12-18
CUST-10082,Praneel Hari,tpathak@example.org,9777905411,Ajman,2025-10-07
CUST-10083,Divya Mandal,ekta68@example.org,+910656572195,Sharjah,2024-10-11
CUST-10084,Isaac Ramakrishnan,maanaschokshi@example.com,+918286838781,Abu Dhabi,2025-04-29
CUST-10085,Rohan Sura,acharyakevin@example.org,0810796650,Abu Dhabi,2025-05-15
CUST-10086,Naksh Khalsa,janya85@example.com,03897614287,Dubai,2025-08-07
CUST-10087,Omya Sharaf,joshuadube@example.net,+913338351086,Ajman,2025-01-29
CUST-10088,Jairaj Kulkarni,solankijatin@example.com,+913149112464,Sharjah,2024-04-03
CUST-10089,Ansh Sekhon,michael33@example.org,03087321125,Abu Dhabi,2026-01-20
CUST-10090,Ishita Ghose,boragagan@example.org,6390221631,Abu Dhabi,2025-08-27
CUST-10091,Shivani Goswami,netra02@example.net,08309605178,Ajman,2025-07-20
CUST-10092,Jack Sura,darpanrao@example.net,07249311933,Ajman,2025-03-23
CUST-10093,Abhiram Chada,udarshramaswamy@example.net,+916589257009,Ajman,2024-03-22
CUST-10094,Benjamin Mukherjee,padmanabhanvictor@example.net,+910721241605,Sharjah,2025-07-27
CUST-10095,Oliver Sami,ojas01@example.com,2164175675,Dubai,2024-12-21
CUST-10096,Tanay Loyal,manya67@example.net,+910720043937,Abu Dhabi,2025-03-07
CUST-10097,Nathaniel Mangal,gaurav07@example.org,+916561128229,Abu Dhabi,2026-02-17
CUST-10098,Samesh Dey,christopher30@example.net,3086032736,Sharjah,2025-08-16
CUST-10099,Samesh Chauhan,vmanda@example.org,5468756288,Sharjah,2024-06-17
CUST-10100,Upasna Gade,krish06@example.com,+919126871891,Sharjah,2024-03-25
CUST-10101,Oeshi Subramanian,gardedarsh@example.com,8653291182,Ajman,2024-04-02
CUST-10102,Omya Deshpande,bakhshi28@example.org,4375197943,Ajman,2025-03-22
CUST-10103,Shivansh Gala,banerjeenoah@example.net,07614774113,Sharjah,2026-02-08
CUST-10104,Janani Joshi,noah44@example.com,+912188975380,Abu Dhabi,2025-07-30
CUST-10105,Jhalak Peri,fmukhopadhyay@example.net,5461572987,Sharjah,2026-01-21
CUST-10106,Neha Konda,otoor@example.com,+913376145754,Dubai,2024-04-30
CUST-10107,Amara Bobal,waida18@example.org,9608347942,Abu Dhabi,2024-03-19
CUST-10108,Reva Mani,fbath@example.com,+919710551574,Abu Dhabi,2025-11-09
CUST-10109,Yash Ahuja,manichatresh@example.com,4349556513,Ajman,2024-09-22
CUST-10110,Reyansh Parmar,gaurikagera@example.org,+918025967249,Sharjah,2025-03-29
CUST-10111,Chatura Pandya,ybala@example.net,03521497093,Ajman,2025-09-18
CUST-10112,Tamanna Natt,dharxiti@example.net,08354607276,Sharjah,2026-01-03
CUST-10113,Ojasvi Balakrishnan,hchander@example.com,+917298296408,Abu Dhabi,2025-06-25
CUST-10114,Naveen Kata,bumbwahab@example.org,+916774265249,Abu Dhabi,2025-01-16
CUST-10115,Vanya Char,libni04@example.org,+911147079544,Ajman,2025-02-23
CUST-10116,Vyanjana Sarma,xram@example.net,9905903740,Abu Dhabi,2024-08-30
CUST-10117,Jalsa Dugar,cnanda@example.org,3563056132,Ajman,2025-03-10
CUST-10118,Janaki Seth,tlanka@example.org,+916111505587,Ajman,2024-10-22
CUST-10119,Varenya Palan,cratti@example.net,9833630742,Abu Dhabi,2025-08-07
CUST-10120,Aadhya Bala,priya85@example.com,03731756289,Ajman,2026-01-15
CUST-10121,Chaitanya Pradhan,falan73@example.org,+916645346976,Sharjah,2024-07-21
CUST-10122,Bhavani Amble,tbalasubramanian@example.com,+912127104761,Abu Dhabi,2025-01-24
CUST-10123,Gagan Seth,davevanya@example.com,+910742284707,Abu Dhabi,2025-08-05
CUST-10124,Simon Atwal,yoshitaarora@example.net,6224464227,Dubai,2025-05-05
CUST-10125,Chatresh Jhaveri,lipika73@example.com,6602971849,Sharjah,2026-01-29
CUST-10126,Bhavya Amble,sanya75@example.net,3613768200,Dubai,2025-03-24
CUST-10127,Yash Warrior,praneelnaik@example.net,5965473812,Dubai,2024-08-18
CUST-10128,Chanchal Chaudhary,farhan83@example.net,8238553704,Ajman,2024-07-29
CUST-10129,Rishi Rao,zarnatiwari@example.net,+917287054115,Abu Dhabi,2024-10-30
CUST-10130,Hemangini Sahota,doshiadvay@example.net,9669090283,Ajman,2024-05-02
CUST-10131,Yutika Badal,tiwarioscar@example.org,7288733532,Ajman,2025-01-13
CUST-10132,Siya Goyal,balinisha@example.org,04751731272,Dubai,2025-04-02
CUST-10133,Jack Kaul,sjohal@example.com,+911093673536,Sharjah,2025-04-05
CUST-10134,Naksh Dhaliwal,jhayre@example.net,+913547065319,Sharjah,2025-01-20
CUST-10135,Jagrati Murty,ishaangill@example.com,6792583959,Sharjah,2024-09-30
CUST-10136,Zayyan Nath,alexander79@example.org,9617851408,Abu Dhabi,2024-08-04
CUST-10137,Chasmum Chadha,nchandra@example.net,03684278200,Ajman,2024-11-26
CUST-10138,Daksha Date,vaishnavichander@example.net,08607071450,Abu Dhabi,2025-11-28
CUST-10139,Inaya Rai,ganga56@example.org,00291012222,Dubai,2024-10-14
CUST-10140,Gautami Chhabra,orindertara@example.org,7032368745,Sharjah,2025-08-25
CUST-10141,Samaksh Memon,danielgade@example.net,+916905314740,Abu Dhabi,2025-12-25
CUST-10142,Praneel Das,nnanda@example.net,00078334554,Sharjah,2025-08-28
CUST-10143,Keya Barad,aashi44@example.com,+910409813984,Dubai,2026-02-22
CUST-10144,Siddharth Gade,fkhatri@example.org,01187792418,Sharjah,2025-08-15
CUST-10145,Rachita Grover,dasguptajagrati@example.com,04732558758,Abu Dhabi,2025-03-30
CUST-10146,Lajita Das,bishakha99@example.com,+911333541793,Ajman,2024-04-01
CUST-10147,Simon Chada,kalabandi@example.net,+918867437836,Sharjah,2024-11-07
CUST-10148,Zansi Sanghvi,kakarlakshit@example.com,+915091720238,Abu Dhabi,2024-09-29
CUST-10149,Kevin Sheth,joshuaguha@example.net,+919826526006,Ajman,2024-04-09
CUST-10150,Ishanvi Gera,schakrabarti@example.org,+915827463521,Ajman,2025-07-01
CUST-10151,Udant Dyal,khari@example.net,4364722193,Ajman,2026-01-21
CUST-10152,Gavin Virk,amara68@example.com,08712886844,Sharjah,2025-07-07
CUST-10153,Panini Parmer,luke35@example.org,+919642232467,Sharjah,2025-08-02
CUST-10154,Ryan Mahal,ekanshdutta@example.org,1769963198,Sharjah,2025-06-23
CUST-10155,Jeet Saxena,lgarde@example.net,6951097166,Abu Dhabi,2024-07-21
CUST-10156,Charvi Vala,munijack@example.org,+913471545585,Ajman,2024-10-16
CUST-10157,Lipika Konda,oeshimerchant@example.net,+919186087206,Abu Dhabi,2026-02-16
CUST-10158,Deepa Mallick,aroraanika@example.org,+914336354142,Dubai,2025-07-04
CUST-10159,Oni Chada,virkjasmit@example.com,05194925548,Sharjah,2025-12-13
CUST-10160,Rachit Ghose,naksh11@example.org,8929617721,Dubai,2025-01-09
CUST-10161,Champak Walia,saivarma@example.net,+917804052658,Sharjah,2025-07-15
CUST-10162,Hamsini Taneja,rattandhruv@example.net,7040353321,Ajman,2025-03-09
CUST-10163,Arjun Sachdev,rbawa@example.net,01251815591,Ajman,2024-12-14
CUST-10164,Samuel Kothari,sankarfalguni@example.org,05070527434,Dubai,2025-01-18
CUST-10165,Oeshi Parikh,hkadakia@example.com,00813313974,Dubai,2024-06-22
CUST-10166,Lucky Chopra,ojas48@example.org,00758313519,Abu Dhabi,2025-11-09
CUST-10167,Samesh Pingle,lajita24@example.com,07546311750,Dubai,2024-10-09
CUST-10168,Janani Dhingra,usinha@example.net,+913718209857,Abu Dhabi,2025-09-08
CUST-10169,Xiti Raval,gautam79@example.org,09648590867,Abu Dhabi,2026-02-08
CUST-10170,Yauvani Krishnan,max62@example.org,06612088363,Dubai,2024-04-15
CUST-10171,Nidra Ravel,zaidnadig@example.org,09426228886,Abu Dhabi,2026-01-27
CUST-10172,Logan Arya,agastyaraj@example.net,+916334647051,Abu Dhabi,2025-08-14
CUST-10173,Gautami Bava,vohrasarthak@example.org,+913811984422,Abu Dhabi,2025-06-24
CUST-10174,Turvi Rao,azaanom@example.com,+911268016141,Ajman,2025-04-04
CUST-10175,Avni Goyal,sachdevajagrati@example.com,+910487029471,Abu Dhabi,2024-05-15
CUST-10176,Samesh Wable,dyalwazir@example.org,5931986052,Dubai,2025-11-08
CUST-10177,Ikshita Sood,kkapur@example.org,+917463145386,Dubai,2025-09-29
CUST-10178,Amara Saha,boraeta@example.org,+911848410387,Ajman,2024-04-06
CUST-10179,Ekta Thakur,lalayasti@example.org,+912576109907,Ajman,2025-09-24
CUST-10180,Shivansh Sachdev,nadignandini@example.org,5570507543,Dubai,2025-01-16
CUST-10181,Oviya Chakraborty,hsidhu@example.org,+916329570809,Sharjah,2025-07-27
CUST-10182,Shivani Sridhar,vyanjanajohal@example.com,6453782584,Ajman,2025-10-26
CUST-10183,Hredhaan Kara,pallaayushman@example.org,00748901850,Dubai,2024-07-09
CUST-10184,Veer Buch,rwadhwa@example.com,+913778950880,Abu Dhabi,2025-08-10
CUST-10185,Kiaan Peri,aariniverma@example.net,7212429976,Ajman,2025-01-26
CUST-10186,Gunbir Wadhwa,saiparsa@example.com,05579671131,Abu Dhabi,2025-02-09
CUST-10187,Tanish Murty,divyapatel@example.org,01621433151,Ajman,2024-10-27
CUST-10188,Lopa Chana,aarinikalla@example.org,8785905384,Ajman,2024-08-02
CUST-10189,Urvi Lad,upadhyaybhavani@example.org,+910956155404,Ajman,2024-08-21
CUST-10190,Waida Kibe,pbala@example.org,1261701945,Dubai,2024-12-26
CUST-10191,Ekaja Pillai,gnarula@example.org,8306515414,Abu Dhabi,2025-12-16
CUST-10192,Laksh Hayre,bsoman@example.com,05905635688,Sharjah,2025-06-30
CUST-10193,Yahvi Patel,mistrygirish@example.com,08727275078,Dubai,2024-10-19
CUST-10194,Aarav Acharya,dattajacob@example.org,03598878040,Sharjah,2025-09-28
CUST-10195,Zaid Mital,xdas@example.com,8556258399,Ajman,2025-04-18
CUST-10196,Janani Lala,osha98@example.net,+913482526825,Dubai,2025-05-22
CUST-10197,Harrison Joshi,geetikanayar@example.net,09782545485,Dubai,2024-07-15
CUST-10198,Peter Johal,vanyadeshpande@example.net,4523659272,Ajman,2024-06-23
CUST-10199,Rajata Bobal,baradmason@example.com,+910437852317,Dubai,2025-05-20
CUST-10200,Nidra Nagi,deygirik@example.org,+912042073277,Abu Dhabi,2025-01-03
CUST-10201,Samar Singh,chandani67@example.net,05611510887,Dubai,2025-09-17
CUST-10202,Baghyawati Sidhu,riyaanand@example.org,+914437349308,Abu Dhabi,2025-11-24
CUST-10203,Chakradhar Gour,chaitalydash@example.org,2016760983,Ajman,2024-09-08
CUST-10204,Dalbir Gera,ravalxavier@example.net,2494308535,Sharjah,2024-04-19
CUST-10205,Samar Biswas,krishgole@example.net,+918300988452,Sharjah,2025-10-23
CUST-10206,Jackson Nagi,ravalsimon@example.org,+919651512475,Sharjah,2025-06-08
CUST-10207,Jasmit Dass,eiravati42@example.com,00936312789,Dubai,2024-05-21
CUST-10208,Panini Krish,abdul21@example.com,5446543953,Ajman,2024-11-30
CUST-10209,Ojas Sharma,patilmaya@example.com,8911539527,Sharjah,2024-08-03
CUST-10210,Varenya Walla,tejas87@example.org,02292117310,Ajman,2025-08-08
CUST-10211,Amol Virk,qdeep@example.com,01447575243,Dubai,2024-04-29
CUST-10212,Zaid Gole,triya16@example.net,07377092572,Ajman,2024-05-19
CUST-10213,Nisha Vora,koshyteerth@example.com,1757354176,Abu Dhabi,2024-08-08
CUST-10214,Max Khalsa,mvenkatesh@example.net,4567185608,Sharjah,2024-10-28
CUST-10215,Ati Master,hkulkarni@example.net,+911844062120,Sharjah,2025-08-11
CUST-10216,Ethan Khosla,minhasvansha@example.net,0969377610,Sharjah,2024-07-23
CUST-10217,Lavanya Tara,babureyansh@example.net,2555957315,Ajman,2024-11-13
CUST-10218,Bhavna Hora,ayushman92@example.net,+918000818050,Dubai,2024-03-01
CUST-10219,Ethan Mane,paineha@example.com,+913527907066,Sharjah,2024-09-21
CUST-10220,Gaurika Tara,tanmayishenoy@example.org,+911617833594,Sharjah,2026-01-13
CUST-10221,Rachita Balan,tripti79@example.net,4989776176,Abu Dhabi,2025-03-31
CUST-10222,Yatin Dara,daksheshpalan@example.com,7756784814,Dubai,2024-04-14
CUST-10223,Chatresh Ramachandran,dinrudra@example.net,+918595804971,Sharjah,2025-11-23
CUST-10224,Dakshesh Thaker,miyer@example.com,+912971379102,Dubai,2025-09-28
CUST-10225,Jairaj Handa,kevinkothari@example.net,1485634340,Dubai,2025-12-30
CUST-10226,Laksh Kant,jaggiyauvani@example.com,8606090736,Abu Dhabi,2025-05-14
CUST-10227,Chaitanya Kumar,ladaadhya@example.net,1344119351,Abu Dhabi,2026-01-24
CUST-10228,Vrishti Divan,keya80@example.net,6428189068,Abu Dhabi,2025-02-06
CUST-10229,Idika Sahota,sunderpatrick@example.net,02358432938,Sharjah,2025-01-28
CUST-10230,Idika Prabhu,dmani@example.com,4785951899,Sharjah,2024-08-13
CUST-10231,Pushti Mammen,riyakala@example.net,6960462511,Dubai,2025-06-11
CUST-10232,Ojas Bandi,pratyushbutala@example.org,+918251671080,Sharjah,2025-07-21
CUST-10233,Kamala Bali,sahahardik@example.net,05350773135,Dubai,2025-01-17
CUST-10234,Umang Raja,niharika66@example.org,+916084563462,Sharjah,2025-06-11
CUST-10235,Nandini Das,zehaanmody@example.com,+918556348839,Abu Dhabi,2025-09-06
CUST-10236,Tamanna Sen,wparsa@example.com,4142672064,Dubai,2025-08-22
CUST-10237,Yashasvi Parsa,malhotragaurav@example.org,+918897897183,Sharjah,2025-05-10
CUST-10238,Mohini Sant,unnatibanerjee@example.org,+919183319174,Abu Dhabi,2024-11-08
CUST-10239,Vedant Gara,gkrish@example.com,+914327635835,Sharjah,2024-03-03
CUST-10240,Saanvi Dayal,dhawanabdul@example.com,+913647327657,Abu Dhabi,2024-07-12
CUST-10241,Arunima Lal,nilimakothari@example.net,+910137345486,Dubai,2026-02-24
CUST-10242,Reyansh Sundaram,cbadal@example.com,+912848993093,Dubai,2025-12-27
CUST-10243,Ekbal Kumer,andrachaitaly@example.net,2625906887,Abu Dhabi,2025-07-21
CUST-10244,Meera Butala,zmore@example.net,00335546797,Abu Dhabi,2025-06-04
CUST-10245,Aarna Madan,nagarirya@example.net,1282241765,Abu Dhabi,2024-06-29
CUST-10246,Zarna Sha,jairajbrar@example.net,4983556187,Dubai,2024-07-01
CUST-10247,Balvan Buch,chavvinagy@example.net,3158228238,Sharjah,2024-06-11
CUST-10248,Lohit Tiwari,jonathantak@example.org,00717425549,Sharjah,2025-05-23
CUST-10249,Gaurang Lala,chamelirau@example.com,06133993204,Abu Dhabi,2024-10-18
CUST-10250,Upma Savant,yoshitanatt@example.org,4584631384,Ajman,2025-05-22
CUST-10251,Meera Mittal,goswamichristopher@example.com,0331780814,Ajman,2025-03-02
CUST-10252,Wazir Ganesan,frado97@example.com,00279199186,Sharjah,2025-03-03
CUST-10253,Daksha Lala,ramagirik@example.com,+916579859665,Dubai,2024-07-14
CUST-10254,Warinder Agarwal,auroravedika@example.org,02526017477,Sharjah,2025-10-21
CUST-10255,Edhitha Srivastava,oliver42@example.org,00331258345,Abu Dhabi,2026-02-12
CUST-10256,Matthew Sharma,sachi27@example.com,7897804149,Ajman,2024-10-26
CUST-10257,Jai Mutti,andrew83@example.org,05688420758,Dubai,2025-04-19
CUST-10258,Chavvi Chana,mbhasin@example.org,02510937987,Abu Dhabi,2024-12-31
CUST-10259,Falguni Dhar,chanderbhavika@example.org,+915333819981,Sharjah,2024-09-17
CUST-10260,Ganga Bal,chatterjeerajata@example.net,00752237785,Abu Dhabi,2025-01-08
CUST-10261,Yug Kumer,gabriel79@example.org,05314139845,Dubai,2024-04-14
CUST-10262,Chakrika Sachar,balasubramanianandrew@example.net,01133135728,Dubai,2025-05-10
CUST-10263,Darpan Mutti,korpalalexander@example.com,09296981891,Dubai,2024-07-03
CUST-10264,Aashi Sagar,chaudhariyasti@example.net,09479947128,Abu Dhabi,2024-09-01
CUST-10265,Isha Sama,goeltamanna@example.net,4900387134,Ajman,2024-09-01
CUST-10266,Ucchal Krishnamurthy,ambledalbir@example.com,7532702474,Ajman,2024-10-12
CUST-10267,Gautami Salvi,amara53@example.com,01373273946,Abu Dhabi,2025-08-27
CUST-10268,Amrita Dhar,jagdishpant@example.com,4930168115,Ajman,2024-09-27
CUST-10269,Lipika Rajan,chadaishani@example.net,+919120772754,Ajman,2024-12-04
CUST-10270,Upma Nanda,shenoyfalguni@example.com,01304305817,Abu Dhabi,2025-07-30
CUST-10271,Daksha Sem,dsharaf@example.org,1895423099,Dubai,2025-12-07
CUST-10272,Janya Choudhry,bishakha86@example.com,5237069698,Sharjah,2025-01-31
CUST-10273,Arunima Vyas,aarav08@example.net,7348051789,Abu Dhabi,2024-07-12
CUST-10274,Varenya Sibal,hdeshpande@example.com,+918703724799,Abu Dhabi,2024-05-27
CUST-10275,Ishaan Gera,karan01@example.org,+912558202265,Abu Dhabi,2024-09-17
CUST-10276,Ojasvi Khatri,kalezayyan@example.com,+911911295709,Abu Dhabi,2025-07-11
CUST-10277,Anika Narang,oiyengar@example.com,04010745014,Sharjah,2026-01-21
CUST-10278,Atharv Shetty,bina83@example.net,+914465901189,Dubai,2025-08-19
CUST-10279,Daksha Tak,qdugar@example.com,+917504917235,Ajman,2024-09-13
CUST-10280,Triveni Seth,pallamaya@example.org,09691662781,Dubai,2024-11-27
CUST-10281,Chatresh Chandra,bhavna03@example.com,08190359311,Sharjah,2025-01-07
CUST-10282,Lekha Vasa,samarajata@example.net,+910277041653,Dubai,2025-02-24
CUST-10283,Reva Lal,krisha45@example.org,1175105637,Sharjah,2025-03-20
CUST-10284,Noah Brahmbhatt,batradevansh@example.org,08583032446,Abu Dhabi,2025-04-20
CUST-10285,Anamika Dhaliwal,ekalinga40@example.net,5678355860,Sharjah,2024-09-17
CUST-10286,Karan Bora,mitrachaaya@example.net,+917919651847,Sharjah,2025-02-04
CUST-10287,Wakeeta Saraf,atara@example.net,04854010957,Abu Dhabi,2025-11-19
CUST-10288,Aditya Arya,krish00@example.com,2051708527,Ajman,2025-11-18
CUST-10289,Samar Panchal,thakurazad@example.org,+914458165917,Abu Dhabi,2024-05-03
CUST-10290,Damyanti Jani,fariq94@example.com,05114942967,Abu Dhabi,2024-08-22
CUST-10291,Krish Agarwal,mohammedwagle@example.com,+915807352645,Ajman,2024-06-11
CUST-10292,Chaitaly Boase,ichandra@example.com,01478279961,Sharjah,2024-08-09
CUST-10293,Dayita Lanka,wyattbansal@example.com,00471849391,Dubai,2025-04-10
CUST-10294,Hritik Shroff,charvi00@example.com,5240025018,Abu Dhabi,2025-05-17
CUST-10295,Qasim Bhakta,ekansh59@example.net,+917363786654,Dubai,2025-02-26
CUST-10296,Nikita Sandal,sandhuishwar@example.net,8383166881,Sharjah,2025-01-21
CUST-10297,Harita Natt,benjamin45@example.net,3694695544,Dubai,2024-05-05
CUST-10298,Zinal Dube,farasagarwal@example.com,+910031391243,Ajman,2025-04-05
CUST-10299,Daniel Rana,ayushman98@example.org,+911499418794,Ajman,2024-09-17
CUST-10300,Wahab Lata,hkar@example.net,00032304122,Dubai,2026-01-10
CUST-10301,Vincent Tara,hemani38@example.org,3322062066,Ajman,2025-03-29
CUST-10302,Azaan Chawla,amairakamdar@example.net,09527677403,Sharjah,2025-12-12
CUST-10303,Nidra Dewan,granganathan@example.com,+919051099741,Sharjah,2025-05-21
CUST-10304,Vansha Pandit,sahaeshana@example.net,05009379703,Sharjah,2025-07-19
CUST-10305,Yuvraj Subramanian,bprabhu@example.com,7324655424,Ajman,2026-01-29
CUST-10306,Manbir Thaker,vedika24@example.com,+916658631955,Abu Dhabi,2025-05-23
CUST-10307,Yuvraj Palan,janani64@example.org,4947839449,Dubai,2025-03-13
CUST-10308,Aditya Natt,bishakha76@example.net,+912361990644,Abu Dhabi,2024-03-21
CUST-10309,Nidhi Balakrishnan,rayaanahluwalia@example.org,+916484792831,Abu Dhabi,2025-12-01
CUST-10310,Veda Chana,qushi04@example.net,02746115422,Abu Dhabi,2026-02-22
CUST-10311,Bhavani Morar,mandaanmol@example.org,+911409396828,Abu Dhabi,2025-09-26
CUST-10312,Imaran Contractor,sibalyagnesh@example.com,3588037732,Dubai,2024-09-27
CUST-10313,Ojas Sood,zchowdhury@example.net,02336543497,Sharjah,2024-07-14
CUST-10314,Krishna Sharaf,samuel37@example.com,+919148329151,Sharjah,2024-09-03
CUST-10315,Wriddhish Munshi,yachana62@example.net,4041250313,Sharjah,2024-08-26
CUST-10316,Pavani Rai,fariq46@example.org,+910520789187,Dubai,2026-01-15
CUST-10317,Vaishnavi Misra,bakhshiacharya@example.com,07397297324,Sharjah,2024-09-20
CUST-10318,Umang Suresh,kpalan@example.net,+917413008548,Ajman,2025-05-04
CUST-10319,Aarini Rastogi,esawhney@example.net,9236873021,Sharjah,2024-09-28
CUST-10320,Vivaan Dutt,khareutkarsh@example.net,03367128638,Abu Dhabi,2025-07-28
CUST-10321,Onveer Bhavsar,yatanmandal@example.net,+919684697082,Ajman,2024-10-05
CUST-10322,Irya Bhatt,yochanaramakrishnan@example.com,6480153748,Dubai,2024-07-18
CUST-10323,Dhriti Amble,nvirk@example.net,+910185215469,Sharjah,2025-09-16
CUST-10324,Dominic Raja,osawhney@example.net,09191188060,Dubai,2025-06-01
CUST-10325,Avi Dada,bishakhatrivedi@example.org,6694136150,Abu Dhabi,2024-06-23
CUST-10326,Vincent Bali,kamala28@example.com,09227642581,Ajman,2024-12-06
CUST-10327,Zayan Raval,aroravansha@example.org,+914859008197,Abu Dhabi,2025-07-30
CUST-10328,Amruta Bhattacharyya,idikakothari@example.com,3000818077,Abu Dhabi,2026-01-03
CUST-10329,Chakradev Sengupta,ramachandranisaiah@example.net,04406499362,Sharjah,2025-10-31
CUST-10330,Udarsh Srivastava,sara04@example.com,6945004505,Dubai,2025-04-23
CUST-10331,Wridesh Raja,ehegde@example.org,5226570541,Dubai,2025-07-23
CUST-10332,Bina Maharaj,qsharaf@example.net,2624241478,Abu Dhabi,2024-04-07
CUST-10333,Maanav Puri,shravyashukla@example.org,4818071907,Sharjah,2024-03-27
CUST-10334,Dhriti Agarwal,sakshamkar@example.org,+914490368739,Abu Dhabi,2025-11-20
CUST-10335,Baljiwan Hayer,schoudhary@example.net,+912781410957,Sharjah,2024-10-30
CUST-10336,Saksham Palan,ladbahadurjit@example.com,+913474215011,Abu Dhabi,2024-06-17
CUST-10337,Qarin Verma,balazansi@example.org,+917145157297,Dubai,2024-12-15
CUST-10338,Harita Varma,kala51@example.net,7882165858,Abu Dhabi,2026-02-15
CUST-10339,Eiravati Sundaram,qvyas@example.net,1473671394,Abu Dhabi,2024-08-05
CUST-10340,Anirudh Kar,madhavsant@example.org,05837682627,Sharjah,2024-10-26
CUST-10341,Mekhala Balakrishnan,zgole@example.net,0039222329,Dubai,2024-10-14
CUST-10342,Aarini Jha,jdin@example.org,+919743992322,Dubai,2024-03-22
CUST-10343,Varenya Ratti,fdasgupta@example.com,5965533582,Sharjah,2024-12-28
CUST-10344,Naveen Parmar,murtyubika@example.com,+915288594244,Ajman,2025-12-20
CUST-10345,Logan Patil,lraval@example.net,01642322023,Dubai,2024-04-14
CUST-10346,Nitesh Kunda,qasimgarg@example.com,09842333060,Sharjah,2025-08-26
CUST-10347,Faqid Jani,widisha74@example.net,7908579637,Abu Dhabi,2024-08-14
CUST-10348,Janaki Gandhi,ishwarbadal@example.net,+919313315755,Abu Dhabi,2025-08-16
CUST-10349,Damini Mukherjee,warhisaini@example.com,01066944751,Dubai,2025-03-22
CUST-10350,Aarna Chawla,ekoshy@example.net,+917818705816,Dubai,2025-09-19
CUST-10351,Darpan Uppal,bdoctor@example.org,02404261112,Sharjah,2025-07-24
CUST-10352,Arjun Chander,omaja22@example.org,+919760643125,Dubai,2024-12-07
CUST-10353,Viraj Sarna,mayawadhwa@example.net,09281259105,Sharjah,2025-04-06
CUST-10354,Bhavna Sabharwal,aayush62@example.org,+910713344482,Ajman,2025-01-13
CUST-10355,Yochana Dhar,ishitamahajan@example.net,+915738454452,Abu Dhabi,2025-03-10
CUST-10356,Shaurya Arora,isha94@example.org,+911601124806,Sharjah,2024-07-22
CUST-10357,Anika Prabhakar,imemon@example.org,1890443883,Ajman,2024-02-25
CUST-10358,Zayan Roy,zarna85@example.org,5992322011,Ajman,2024-05-22
CUST-10359,Bhavya Batra,hardik80@example.org,+918233974168,Abu Dhabi,2025-04-07
CUST-10360,Christopher Dube,nitara36@example.org,+911624710327,Abu Dhabi,2025-08-26
CUST-10361,Bina Sawhney,charles91@example.org,2232567182,Sharjah,2025-07-29
CUST-10362,Yutika Nagarajan,gaurangnagi@example.net,07842865310,Abu Dhabi,2025-08-16
CUST-10363,Urvashi Keer,eesha31@example.org,6081214752,Ajman,2024-06-17
CUST-10364,Mitali Mall,ahluwaliairya@example.org,1780285015,Abu Dhabi,2025-04-22
CUST-10365,Gopal Dar,sinhachatresh@example.org,03482895683,Dubai,2025-07-17
CUST-10366,Inaya Memon,siya50@example.org,+910259972288,Sharjah,2024-08-21
CUST-10367,Jacob Kanda,onveer29@example.com,7130389502,Abu Dhabi,2025-10-05
CUST-10368,Naveen Jani,siddharthgola@example.com,00206070934,Dubai,2025-03-20
CUST-10369,Laban Kannan,finn26@example.com,+912636643127,Sharjah,2024-10-24
CUST-10370,Rudra Vasa,satheisaac@example.org,+914071508835,Sharjah,2024-06-08
CUST-10371,Gautami Sharma,nkumar@example.com,5044715975,Dubai,2024-10-05
CUST-10372,Fariq Lata,ugrewal@example.org,+918917907817,Abu Dhabi,2024-10-07
CUST-10373,Ekaraj Butala,sbajaj@example.net,06572183102,Abu Dhabi,2025-03-29
CUST-10374,Yochana Dugar,chadleena@example.net,05953862540,Sharjah,2025-06-15
CUST-10375,Yug Chaudry,fsachdeva@example.org,9129468050,Sharjah,2025-12-16
CUST-10376,Rachita Bose,fdeo@example.com,+913722954230,Abu Dhabi,2024-02-27
CUST-10377,Lakshit Rana,kashvikarpe@example.net,1916233825,Sharjah,2024-03-20
CUST-10378,Upma Ramanathan,balveerdubey@example.net,1903170645,Dubai,2024-12-28
CUST-10379,Agastya Patel,murthynitesh@example.com,2479555373,Abu Dhabi,2024-02-26
CUST-10380,Niharika Naidu,rbhatnagar@example.com,+912616822452,Dubai,2025-10-19
CUST-10381,Mahika Koshy,praneelbhat@example.com,+917583750265,Ajman,2025-09-16
CUST-10382,Siya Munshi,ishanihans@example.org,2051300223,Ajman,2024-06-18
CUST-10383,Unnati Bhat,urvashiseshadri@example.com,2749885058,Sharjah,2024-05-30
CUST-10384,Ikbal Jain,vaidyaadvik@example.org,+913597455012,Dubai,2025-11-22
CUST-10385,Teerth Mallick,voravyanjana@example.net,+913869618976,Abu Dhabi,2024-08-26
CUST-10386,Leela Kari,bsuri@example.com,+914465795752,Dubai,2024-09-15
CUST-10387,Neel Wagle,inaya37@example.org,07295675807,Abu Dhabi,2025-07-26
CUST-10388,Sara Chanda,zkothari@example.com,+913158120738,Ajman,2025-04-16
CUST-10389,Eta Raval,andrewkala@example.net,01611267431,Ajman,2025-10-14
CUST-10390,Avni Singhal,bhanumatisehgal@example.org,+911912719553,Sharjah,2024-03-19
CUST-10391,Mohammed Handa,ati64@example.com,04801160069,Dubai,2026-02-07
CUST-10392,Xavier Bobal,oganesh@example.org,+912138314663,Sharjah,2025-12-29
CUST-10393,Laban Raval,nsharma@example.net,+917746820988,Ajman,2024-08-23
CUST-10394,Inaya Shukla,nchauhan@example.org,05953578081,Sharjah,2024-06-12
CUST-10395,Siya Saraf,aishanipillay@example.com,04952136289,Abu Dhabi,2025-09-24
CUST-10396,Upkaar Nagi,emisra@example.com,07974813823,Sharjah,2025-03-16
CUST-10397,Arunima Mahal,dnagarajan@example.com,08643055455,Sharjah,2026-02-20
CUST-10398,Hemal Shukla,sanetriveni@example.net,01864920321,Sharjah,2026-02-05
CUST-10399,Radha Virk,tdate@example.com,6714118490,Ajman,2024-06-25
CUST-10400,Vivaan Pradhan,godadayita@example.com,9775014361,Sharjah,2024-12-29
CUST-10401,Yamini Varty,agarwaljagdish@example.com,+914355159476,Sharjah,2024-09-16
CUST-10402,Neelima Murthy,devchand@example.net,1865820599,Dubai,2026-01-13
CUST-10403,Rudra Sarna,garimagara@example.com,7749525221,Dubai,2025-01-09
CUST-10404,Jatin Ratta,bahriira@example.org,9008768418,Ajman,2025-05-06
CUST-10405,Tara Srivastava,sarachowdhury@example.com,+918674313524,Dubai,2025-11-09
CUST-10406,Pavani Singhal,matthew08@example.net,02688839359,Dubai,2025-04-26
CUST-10407,Qushi Dani,hredhaanmagar@example.net,08573016611,Sharjah,2025-05-04
CUST-10408,Anthony Chacko,jbhakta@example.net,+910359586857,Sharjah,2024-06-11
CUST-10409,Charvi Rama,maanaskothari@example.com,07110095950,Dubai,2025-05-27
CUST-10410,Alka Dash,kupadhyay@example.com,+917204327593,Sharjah,2025-07-17
CUST-10411,Sudiksha Kala,patlapratyush@example.net,02044149614,Dubai,2024-12-02
CUST-10412,Yoshita Mani,daveishita@example.org,9456731933,Sharjah,2025-12-11
CUST-10413,Brinda Sarna,vamakshiahluwalia@example.org,3428720859,Ajman,2025-11-08
CUST-10414,Theodore Banerjee,kabir31@example.com,08696101549,Sharjah,2024-05-18
CUST-10415,Yug Arora,tailoryahvi@example.org,+917766462424,Abu Dhabi,2026-02-09
CUST-10416,Isaac Varma,rohan74@example.org,+916435786702,Abu Dhabi,2024-11-23
CUST-10417,Upadhriti Minhas,sarinrachana@example.org,+916148725918,Abu Dhabi,2024-06-10
CUST-10418,Kai Srinivasan,david18@example.org,+919578824664,Ajman,2024-06-16
CUST-10419,Divya Dara,umerchant@example.net,2184607998,Ajman,2024-08-22
CUST-10420,Mugdha Saha,choudhurychandran@example.net,7245282639,Dubai,2025-07-01
CUST-10421,Jeevika Varughese,maanas72@example.net,01253198239,Sharjah,2025-01-06
CUST-10422,Shivani Tara,tanveerjhaveri@example.org,+919136644973,Abu Dhabi,2024-12-30
CUST-10423,Arin Mody,januja19@example.com,08502010625,Abu Dhabi,2025-01-14
CUST-10424,Aarush Kulkarni,psrivastava@example.org,+910910004111,Dubai,2025-01-12
CUST-10425,Amol Sarma,hemangdada@example.com,9370628054,Ajman,2025-04-11
CUST-10426,Idika Karan,nraghavan@example.org,+913203714156,Dubai,2024-03-27
CUST-10427,Radhika Balay,vasudhajohal@example.net,7332603514,Dubai,2025-12-05
CUST-10428,Falan Dhawan,raghavzachariah@example.org,04184343148,Ajman,2024-04-23
CUST-10429,Dipta Sem,advikashankar@example.org,+911496930478,Ajman,2024-10-15
CUST-10430,Sanaya Loke,avi17@example.net,1939886955,Ajman,2024-04-04
CUST-10431,Ekta Sharma,rdara@example.com,+915632355672,Ajman,2024-08-06
CUST-10432,Ati Issac,mohammedravel@example.com,04510664660,Dubai,2025-11-13
CUST-10433,Abha Hora,umann@example.net,+911794626573,Abu Dhabi,2025-11-11
CUST-10434,Maanav Oza,jagdish93@example.net,+914772895825,Sharjah,2024-07-04
CUST-10435,Rehaan Kothari,lthaman@example.net,+919873564981,Ajman,2025-05-09
CUST-10436,Xavier Bal,zaitra15@example.com,04017864830,Abu Dhabi,2025-02-11
CUST-10437,Tripti Bhargava,chaudharivedhika@example.net,05970425326,Dubai,2025-08-24
CUST-10438,Zansi Pant,brijeshnatt@example.com,6823342780,Ajman,2024-08-16
CUST-10439,Tejas Varghese,lilapandey@example.net,07772435944,Ajman,2024-08-11
CUST-10440,Prisha Balasubramanian,jacobsani@example.com,02223899975,Abu Dhabi,2026-01-31
CUST-10441,Kalpit Agarwal,jaggiupadhriti@example.org,+912814510353,Ajman,2024-11-07
CUST-10442,Simon Chacko,pmann@example.net,+918356464532,Abu Dhabi,2024-07-20
CUST-10443,Upasna Sastry,epadmanabhan@example.org,+911115072674,Abu Dhabi,2025-03-15
CUST-10444,Ekta Chandra,xandra@example.com,04125084102,Sharjah,2025-08-10
CUST-10445,Waida Sagar,gautamnarula@example.com,+913157515954,Sharjah,2026-02-07
CUST-10446,Pushti Boase,taratarak@example.net,08390800081,Dubai,2024-03-01
CUST-10447,Nakul Purohit,lopa96@example.net,06472619972,Sharjah,2025-10-25
CUST-10448,Matthew Karnik,butalarushil@example.org,02026629890,Sharjah,2025-09-20
CUST-10449,Zilmil Gill,semturvi@example.com,09259674721,Sharjah,2026-01-22
CUST-10450,Aadi Banik,contractornimrat@example.com,+917608862000,Abu Dhabi,2024-07-20
CUST-10451,Chakradhar Sharma,kamala95@example.com,+912531715254,Abu Dhabi,2025-05-30
CUST-10452,Faras Karan,upmamukhopadhyay@example.net,3031112817,Abu Dhabi,2025-08-13
CUST-10453,Jeremiah Sridhar,mekhalagrover@example.net,+918627050474,Dubai,2024-08-21
CUST-10454,Aayush Amble,tbhat@example.net,5684802163,Sharjah,2025-03-28
CUST-10455,Tarak Desai,patrickmemon@example.net,8568827139,Abu Dhabi,2025-02-02
CUST-10456,Upasna Din,cbabu@example.com,03138883772,Dubai,2025-03-27
CUST-10457,Ganga Gandhi,nchandra@example.com,1338031613,Dubai,2025-04-10
CUST-10458,Lucky Sehgal,ridhinori@example.com,6273656082,Sharjah,2025-10-05
CUST-10459,Gaurika Narasimhan,ishwarramanathan@example.com,+919687733864,Abu Dhabi,2024-07-14
CUST-10460,Dhriti Prabhakar,bhavaniboase@example.org,1478324316,Abu Dhabi,2025-08-10
CUST-10461,Amruta Ramakrishnan,farhan07@example.com,01336420233,Ajman,2024-03-29
CUST-10462,Maanav Parikh,harinakshitella@example.com,5312993606,Abu Dhabi,2024-08-04
CUST-10463,Shaurya Rastogi,rsarraf@example.com,+914079508643,Sharjah,2025-02-23
CUST-10464,Zehaan Manne,umangkhanna@example.com,04284866013,Abu Dhabi,2025-09-07
CUST-10465,Nilima Tata,aarav11@example.com,+915151422976,Sharjah,2025-10-03
CUST-10466,Jatin Parmar,xiti56@example.net,9629897535,Ajman,2024-09-04
CUST-10467,Hemani Dhar,beraekanta@example.net,+913111814057,Ajman,2025-09-14
CUST-10468,Luke Sastry,wakeetapurohit@example.net,1656937558,Ajman,2026-01-27
CUST-10469,Isha Choudhry,kram@example.org,+918408405951,Dubai,2024-07-01
CUST-10470,Hredhaan Pall,hsahni@example.com,+913671563487,Abu Dhabi,2025-11-12
CUST-10471,Vedant Mukherjee,upadhyayati@example.net,+918854472014,Sharjah,2025-01-03
CUST-10472,Chandran Basak,balakrishna@example.org,01983563183,Ajman,2024-07-28
CUST-10473,Gautami Cherian,gauravdhaliwal@example.net,06798543571,Dubai,2024-03-02
CUST-10474,Suhani Gade,chaaya13@example.net,+914815402411,Ajman,2024-10-09
CUST-10475,Nikita Ramakrishnan,sampathaarnav@example.org,+910816892263,Sharjah,2024-06-13
CUST-10476,Isha Char,skalla@example.org,+918560692541,Sharjah,2025-10-02
CUST-10477,Irya Andra,ddevan@example.net,06701934930,Dubai,2025-05-14
CUST-10478,Ladli Sule,senguptaumang@example.net,09396092137,Dubai,2024-08-07
CUST-10479,Amruta Sarraf,wchanda@example.net,+915874180362,Abu Dhabi,2025-04-10
CUST-10480,Darpan Oommen,benmitesh@example.net,+911423160211,Sharjah,2025-03-06
CUST-10481,Gunbir Brar,zsarraf@example.com,9587256112,Sharjah,2025-02-01
CUST-10482,Gunbir Randhawa,gchokshi@example.net,+918770268931,Ajman,2024-05-04
CUST-10483,Shivani Nair,divya99@example.org,2635565762,Abu Dhabi,2025-08-09
CUST-10484,Indrajit Sawhney,aahanaparekh@example.net,+914386844203,Ajman,2024-04-26
CUST-10485,Divya Ahluwalia,vihaanyohannan@example.org,01455278341,Dubai,2025-12-09
CUST-10486,Balendra Nayar,azaankulkarni@example.org,9898548147,Ajman,2025-08-21
CUST-10487,Ojasvi Minhas,haldermanya@example.org,03450639870,Sharjah,2024-05-13
CUST-10488,Nidhi Kuruvilla,dbhardwaj@example.net,+919852605018,Sharjah,2024-11-21
CUST-10489,Noah Bhandari,widishazacharia@example.net,0110600896,Abu Dhabi,2026-02-22
CUST-10490,Neha Bhakta,arin61@example.com,+915018595919,Ajman,2025-11-03
CUST-10491,Neelima Sen,diptachoudhry@example.org,09548025903,Sharjah,2024-03-30
CUST-10492,Triya Mody,ishani33@example.org,2380547089,Sharjah,2025-06-05
CUST-10493,Kavya Bal,vamakshi72@example.com,06721427635,Dubai,2024-12-30
CUST-10494,Xavier Vohra,aashi32@example.com,01067602667,Sharjah,2024-04-10
CUST-10495,Manya Batta,shravya41@example.net,03633998839,Sharjah,2025-02-23
CUST-10496,Gopal Dhar,pradhankrishna@example.net,6426840540,Dubai,2024-07-10
CUST-10497,Pratyush Patla,rudrawalia@example.org,09898887980,Dubai,2025-08-15
CUST-10498,Yuvraj Lanka,anvi46@example.com,+917131405578,Dubai,2024-03-06
CUST-10499,Ayushman Sehgal,jalsaraghavan@example.net,09730577261,Sharjah,2024-12-05
